[
    { "id": 1, "word": "Synergy", "definition": "Combined effort greater than parts" },
    { "id": 2, "word": "Leverage", "definition": "Use something to maximum advantage" },
    { "id": 3, "word": "Paradigm shift", "definition": "Fundamental change in approach" },
    { "id": 4, "word": "Bandwidth", "definition": "Capacity to handle workload" },
    { "id": 5, "word": "Touch base", "definition": "Brief communication to update" },
    { "id": 6, "word": "Deep dive", "definition": "In-depth analysis or examination" },
    { "id": 7, "word": "Synergize", "definition": "To create synergy or work together effectively" },
    { "id": 8, "word": "Optimize", "definition": "Make the best or most effective use of a situation or resource" },
    { "id": 9, "word": "Disruptive", "definition": "Innovative in a way that radically changes an industry or market" },
    { "id": 10, "word": "ROI", "definition": "Return on Investment, a measure of the gain or loss generated on an investment" },
    { "id": 11, "word": "Streamline", "definition": "Make a process more efficient and effective" },
    { "id": 12, "word": "Core competency", "definition": "A defining strength or advantage of a business" },
    { "id": 13, "word": "Silos", "definition": "Isolated information systems that hinder communication and collaboration" },
    { "id": 14, "word": "Benchmark", "definition": "A standard or point of reference for comparison" },
    { "id": 15, "word": "Proactive", "definition": "Taking action to control a situation rather than just responding to it" },
    { "id": 16, "word": "Buy-in", "definition": "Agreement or acceptance of a decision or idea" },
    { "id": 17, "word": "Synergistic", "definition": "Related to the interaction or cooperation of two or more organizations or substances to produce a combined effect greater than the sum of their separate effects" },
    { "id": 18, "word": "Empower", "definition": "Authorize or give power to someone to do something" },
    { "id": 19, "word": "Pivot", "definition": "Shift in strategy or direction" },
    { "id": 20, "word": "Value proposition", "definition": "The unique benefit that a product or service provides to its customers" },
    { "id": 21, "word": "Collaboration", "definition": "Working together to achieve a common goal" },
    { "id": 22, "word": "Mission-critical", "definition": "Essential to the core operations or objectives of an organization" },
    { "id": 23, "word": "Mindshare", "definition": "Awareness and popularity of a brand or product in the minds of consumers" },
    { "id": 24, "word": "Customer-centric", "definition": "Putting the customer at the center of business decisions and strategy" },
    { "id": 25, "word": "Onboarding", "definition": "Process of integrating a new employee into an organization" },
    { "id": 26, "word": "Out-of-the-box", "definition": "Creative thinking that breaks away from conventional ideas" },
    { "id": 27, "word": "Best practices", "definition": "Methods or techniques that have consistently shown results superior to those achieved with other means" },
    { "id": 28, "word": "Strategic fit", "definition": "Compatibility between an organization's objectives, resources, and environment" },
    { "id": 29, "word": "Blue sky thinking", "definition": "Brainstorming without restrictions, thinking freely" },
    { "id": 30, "word": "Low-hanging fruit", "definition": "Tasks or goals that are easily achievable and deliver quick results" },
    { "id": 31, "word": "Win-win", "definition": "A situation where all parties benefit" },
    { "id": 32, "word": "Value-added", "definition": "Additional feature or service that enhances a product or service" },
    { "id": 33, "word": "Scalable", "definition": "Capable of being easily expanded or upgraded on demand" },
    { "id": 34, "word": "Circle back", "definition": "Revisit a topic or issue at a later time" },
    { "id": 35, "word": "In the loop", "definition": "Kept informed or involved in a particular situation or project" },
    { "id": 36, "word": "Data-driven", "definition": "Relies on data to make decisions and take actions" },
    { "id": 37, "word": "Going forward", "definition": "In the future, from this point on" },
    { "id": 38, "word": "Action item", "definition": "A task or activity that needs to be completed" },
    { "id": 39, "word": "Move the needle", "definition": "Make a significant impact or difference" },
    { "id": 40, "word": "Closed-loop communication", "definition": "Feedback process that ensures a message has been received and understood correctly" },
    { "id": 41, "word": "Win-win situation", "definition": "Situation where all parties benefit" },
    { "id": 42, "word": "Boil the ocean", "definition": "To waste time or resources on an impossible or futile task" },
    { "id": 43, "word": "Ping", "definition": "To get someone's attention" },
    { "id": 44, "word": "Deep dive", "definition": "In-depth analysis or examination" },
    { "id": 45, "word": "Take offline", "definition": "Discuss something privately or at a later time" },
    { "id": 46, "word": "Drill down", "definition": "To examine something in detail" },
    { "id": 47, "word": "Quick win", "definition": "An easily achievable success that delivers immediate results" },
    { "id": 48, "word": "Backburner", "definition": "To postpone or set aside for future consideration" },
    { "id": 49, "word": "Pain point", "definition": "A specific problem that customers are experiencing" },
    { "id": 50, "word": "360-degree view", "definition": "Comprehensive understanding or perspective on a subject" }
]